6,Kyle Briggs
7,Charles Perry
8,Phillip Brown
9,Christopher Snyder
10,Amanda Moore
11,Lisa Rodriguez
12,Carolyn Phelps
13,Kristina Gonzalez
14,Brandon Gilbert
15,Danielle Wise
16,Julia Mcdonald
17,David Rogers
18,Christopher Webb
19,Amy Barber
20,Kayla Austin
21,Roberta Willis
22,Joshua Miller
23,Emily Williams
24,Valerie Weber
25,John Willis
26,Dwayne Simmons
27,Amy Smith
28,Whitney Phillips
29,Jason Simmons
30,Kayla Barton
31,Leonard Price
32,Devon Fox
33,Anthony Hunt
34,Edward Lee
35,Martin Lowe
36,Phillip Torres
37,James Mercado
38,Melinda Rivera
39,Jamie Perez
40,Mark Ross
41,Amber Watson
42,Sarah Roberson
43,Wendy Key
44,Samantha Gray
45,Amanda Calderon
46,Chelsea Williams
47,Margaret Mcknight
48,Travis Perry
49,Kristen Chavez
50,Robert Jones
51,Sharon Russo
52,Misty Jackson MD
53,Zachary Thompson
54,Sara Simmons
55,Jacqueline Vasquez
56,Billy Garcia
57,Denise Bauer
58,David Weaver
59,Christopher Guzman
60,Glenda Mckee
61,Mr. Elijah Alexander
62,Thomas Miller
63,Laura Myers
64,Cory Mitchell
65,Mario Patrick
66,Carolyn Smith
67,Cole Erickson
68,Amber Chavez
69,David Cunningham
70,Gerald Cochran
71,Shane Villegas
72,Erin Meadows
73,Gregory Price
74,Scott Ramirez
75,Brittany Davis
76,Brenda Johnson
77,Erin Craig
78,Jose Neal
79,Jennifer Wood
80,Sheila Kelly
81,David Russell
82,Carmen Wade
83,Candace Mejia
84,Debra Morales
85,Kristin Frazier
86,Angela Wiley
87,Steven Pittman
88,Sarah Park
89,Heather Hoffman
90,Jasmine Lewis
91,Ebony Nelson
92,Jacob Raymond
93,Sherry Brown
94,Donald Morgan
95,Michael Lee
96,Derek Williams
97,Daniel Davis
98,Michelle Baker
99,Rebecca Carlson
100,Elizabeth Andrade
101,Tammy Heath
102,Rhonda Collins
103,Donna Vance
104,Jennifer Ryan
105,Amanda Reid
106,Daniel Reese
107,Alan Moore
108,Natasha Kaufman
109,Larry Wells
110,Zachary Villegas
111,Vanessa Petty
112,Natasha Mccormick
113,Cynthia Harvey
114,Mary Bailey
115,Joseph Russell
116,Aimee Salazar
117,Joel Perez
118,Jessica Rich
119,Michele Cooper
120,Adam Ramos
121,Travis Burns
122,Duane Dorsey MD
123,Phillip Thomas
124,Kelsey Moore
125,Vanessa Robertson
126,Jonathan Turner
127,Natasha Jackson
128,Denise Lane
129,Kathleen Lee
130,Troy Shelton
131,Michael Turner
132,April Harris
133,David Gross Jr.
134,William Bean
135,Marc Rollins
136,Sarah Gonzalez
137,Stephanie Rubio
138,David Gross
139,Kristin Robinson
140,Parker Stokes
141,Carrie Powers
142,Sonya Downs
143,Stephanie Wilkinson
144,Karen Gonzalez
145,David Wright
146,Timothy Olsen
147,Wendy Lopez
148,Christopher Reynolds
149,Mark Rasmussen
150,Mr. Matthew Bailey MD
151,Scott Foster
152,Cory Flynn
153,Danielle Shaw
154,Andrew Lam
155,Steven Allen
156,Dr. Monica Wood
157,Stephanie Conley
158,Monica Mccullough
159,Erica Bishop
160,Katrina Pratt
161,Andrea Fitzgerald
162,Rhonda Butler
163,Mrs. Kimberly Phillips DVM
164,Glenn Clark
165,Karen Williams
166,Misty Novak
167,Kimberly Figueroa
168,Richard Gray
169,Jessica Ellis
170,Erin Harvey
171,Richard Dawson
172,Robert Scott
173,James Peters
174,David Torres
175,Mrs. Gabriela Greene
176,Amanda Walton
177,Todd Carpenter
178,Justin Meyers
179,Mark Atkinson
180,Maria Evans
181,Jeremy Martinez
182,Monica Miller
183,Amanda Rosario
184,Emma Shaw
185,Willie Garner
186,Elizabeth Delgado
187,Nathaniel Johnston
188,Jeffrey Smith
189,Maria Reyes
190,Joel Rangel
191,Tammy Burton
192,Scott Haas
193,Jerry Pena
194,Maria Nguyen
195,Ronald Taylor
196,Sarah Lawson
197,Joseph Blair
198,Derrick Smith
199,Christopher Simmons
200,Jacob Jimenez
201,Cynthia Salazar
202,Gregory Carter
203,Andrew Andrews
204,Jenna Orr
205,Daniel Garcia
206,Robert Miller PhD
207,Anna Houston
208,John Oneal
209,Donald Schmitt
210,Patricia Cook
211,George Evans
212,Anna Gonzalez
213,Michelle Oconnor
214,Michelle Calderon
215,Kendra Anderson
216,Jeffrey Garcia
217,Steven Wright
218,Morgan Johnson
219,Bryan Lawrence
220,Katherine Tapia
221,David Cook
222,Patrick Hogan
223,Melissa Oneill
224,Hector Hammond
225,Kaitlyn Baker
226,Keith Montgomery
227,Patrick Knight
228,Hannah Monroe
229,Mikayla Carney
230,Joshua Castillo
231,David Jones
232,Jamie Burns
233,Anthony White DDS
234,Alejandra Jones
235,Ricardo Campbell
236,Michael Garcia
237,William Walters
238,Kylie Cooley
239,Allison Patel
240,Laura Ochoa
241,Steven Harris
242,Scott Hays
243,Michael Copeland
244,Anna Harris
245,Jessica Collins
246,Susan Larson
247,Tracey Terry
248,Todd Bennett
249,Daniel Lewis
250,Karen Johnson
251,Katie Arnold
252,Shawn Austin
253,Christina Barnes
254,Daniel Bean
255,Gabrielle Gonzales
256,Lawrence Blackwell DDS
257,Christina Rice
258,Justin Krause
259,Leslie Richardson
260,Frances Stein
261,Dr. Robert Mcgrath MD
262,Dr. Rebecca Harvey
263,Danny Hernandez
264,Anthony House
265,Nathan Mcknight
266,Daniel Hill
267,Dustin Valentine
268,Ann Hernandez
269,Michelle Jackson
270,Andrew Williams
271,Morgan Bowen
272,Martha Vaughn
273,Mark Moore
274,Anna Salas
275,Elizabeth Mcgrath
276,Phillip White
277,John Tran
278,Tiffany Smith DVM
279,Mitchell Mcclure
280,Joseph Rodriguez
281,David Ward
282,David Taylor
283,Stacey Williams
284,Jillian Carney
285,Diane Beasley
286,Roberto Allen
287,Donald Juarez
288,Mackenzie Mora
289,Mary Schwartz
290,Joy Morgan
291,Katie Benton
292,Eddie Ashley
293,Michael Butler
294,Derrick Johnson
295,Xavier Noble
296,Micheal Flores
297,William Francis
298,Kayla Howard
299,Jessica Day
300,Curtis Hebert
301,Bryan Johnson
302,Ashley Todd
303,Allison Johnson
304,Robin Wells
305,Angelica Smith
306,Erin Morales
307,Alex Cook
308,Daniel Santana
309,Molly Brown
310,Daniel Marshall
311,Theresa Walker
312,Jordan Morrison
313,Sean Mann
314,Edward Mahoney
315,Richard King
316,Christine Higgins
317,Rebecca Smith
318,Ryan Lang
319,Barbara Wood
320,Catherine Garcia
321,Melissa Dunn
322,Johnny Sandoval
323,Leah Griffin
324,Don Johnson
325,Linda Nichols
326,Steven Foster
327,Aaron Diaz
328,George Wright
329,Angela Meadows
330,William Donaldson
331,Megan Thomas
332,Samuel Welch
333,Paul Boyle
334,Amanda Cox
335,Isabella Browning
336,Kendra Fowler
337,Timothy Cabrera
338,Mark Thompson
339,Erik Bell
340,Crystal Cain
341,Yolanda Cooley
342,Ashley Lucas
343,Ryan Bradley
344,Tara Hayes
345,Christopher May
346,Kevin Henry
347,Deborah Blankenship
348,Erin Smith
349,Kimberly Cantu
350,Anthony Smith
351,Jorge Walker
352,Alyssa Clark
353,Elizabeth Landry
354,Lisa Johnson
355,Andrew Davis
356,Sarah Fuller
357,Mary Morris
358,Matthew Sherman
359,Nathan Chaney
360,Samantha Dickerson
361,Justin Sanchez
362,David Davis
363,Eric Rodriguez
364,Kenneth Luna
365,Donna Davis
366,Stacy Cox
367,Susan Hogan
368,Kenneth Nunez
369,Katie Jackson
370,Denise Rodgers
371,Michael Young
372,Jennifer Phillips
373,Lauren Frazier
374,Laura Good
375,Austin Key
376,Kristina Gibson
377,Brianna Harper
378,Stacey Sharp
379,Lynn Williams
380,Nathan Morton
381,Isaiah Hodges
382,Margaret Fuentes
383,Holly Cardenas
384,Kristina Moore
385,Kimberly Melendez
386,Kevin Martinez
387,Erin Wallace
388,Lisa Hood
389,Angela Morales
390,Hector Smith
391,Cameron Beck MD
392,Thomas Rose
393,Jennifer Baird
394,Carla Robbins
395,Jeffrey Moore
396,Lisa Woods
397,James Henry
398,Matthew Livingston
399,Brett Hudson
400,Jonathan Harvey
401,Andrew Cooper
402,Joseph Moreno
403,Travis Fields
404,Jean Oliver
405,Daniel Horton
406,Susan Jones
407,Richard Baker
408,Mrs. Beth Kelly DDS
409,Paige Miranda
410,Andre Webb
411,Melissa Kline
412,Gabriela Hoffman
413,John Bell
414,Jacqueline Miles
415,Samuel Stout
416,Kathryn Fowler
417,Eric Mccormick
418,Andrea Walls
419,Robert Garrett
420,Elizabeth Wilson
421,Victoria Cooper
422,Melissa Welch
423,Joel Cruz
424,Scott Nolan
425,Hayley Hunt
426,Ann Morrison
427,Tiffany Gibson
428,Amy Clark
429,Rebecca Logan
430,Lynn Mcdaniel
431,Brian Jones
432,Nathan Norton
433,Jeffery Elliott
434,Jessica Calhoun
435,Paul Armstrong
436,Laura Campbell
437,Nicholas Garcia
438,Ricky Fernandez
439,Jason Mccann
440,Alexander Oneill
441,Dawn Sherman
442,Anthony Bright
443,Cody Nielsen
444,Brendan Giles
445,Savannah Morris
446,Cathy Ellis
447,Joshua James
448,Bradley James
449,Andre Douglas
450,Henry Mccullough
451,Emily Ramirez
452,Julie Rivera
453,Thomas Pittman
454,Traci Richard
455,Katherine Cole MD
456,Robert Clark
457,Anna Cox
458,Jacqueline Hansen
459,Kaitlin Fletcher
460,Kyle Bennett
461,Renee Mitchell
462,Kathryn Martinez
463,Catherine Swanson
464,Brianna Lewis
465,Leslie Hall
466,Howard Soto
467,David Roberts
468,Tanya Hopkins
469,Ryan Roy
470,Jessica Taylor
471,Ryan Fowler
472,Emily Black
473,Leah Donaldson
474,Ryan Allen
475,Gary Sellers
476,Kimberly Fowler
477,Justin Vasquez
478,Austin Martinez
479,Lindsey Simmons DVM
480,Yvonne Marshall
481,Jordan Wilson
482,Susan Mendez
483,Adam Mosley
484,Heather Banks
485,Jeremiah Watkins
486,Melissa Ray
487,Nicole Frost
488,Amy Briggs
489,Jerry Leonard
490,Vincent Reyes
491,Stephen Taylor
492,Matthew Gonzalez
493,Roger Johnson
494,Melissa Wang
495,Kayla Wagner
496,Curtis Cummings
497,Beverly Mosley
498,Bobby Wood
499,Jessica Valentine
500,Valerie Wolf
501,Jessica Hardy
502,Brittney Horne
503,Joan Powell
504,Todd Meyer
505,Donna Peck
506,Kristen Jensen
507,Daniel Bailey
508,Cathy Gallegos
509,Leon Martinez
510,Matthew Moody
511,Spencer Delgado
512,Calvin Carroll
513,Amy Schmidt
514,Kimberly Benton
515,Shari Estrada
516,Amanda Jacobs
517,Mario Thomas
518,Angela Green
519,Christopher Armstrong
520,Rebecca Rodriguez
521,Samuel Pruitt MD
522,Lauren Pratt
523,Brenda Bailey
524,Richard Ortiz
525,Candice Gallagher
526,Clifford Crawford
527,Jenna Hansen
528,Andrew Murray
529,Jessica Newman
530,Craig Allen
531,Joseph Diaz
532,Robert Patterson MD
533,Ivan Vargas
534,Kathleen Anderson
535,Eric Tanner
536,Darren Kelly
537,Allen Guzman
538,Maria Walton
539,Angel Knapp
540,Shannon Phillips
541,Alyssa Fowler
542,Jeffrey Frederick
543,Jonathan Carey
544,Juan Patton
545,Christian Morgan
546,Mr. Brett Bautista MD
547,Shannon Williams
548,Leslie Beard
549,Jennifer Graham
550,Rebecca Bryant
551,Kimberly Perez
552,Dr. Kyle Aguirre DDS
553,Mr. Matthew Cox MD
554,David Cummings
555,Lisa Clark
556,Ryan Brooks
557,Ethan Spence
558,Roger Shepard
559,Brian Hayes
560,April Robinson
561,Caitlyn Walker
562,Frank Gonzalez
563,Daniel Cooper
564,Javier Evans
565,Jennifer Harrell
566,Julie Walker
567,John Dunn
568,Misty White
569,Wanda Malone
570,Erica Clark
571,Brandi Moreno MD
572,Hunter Ross
573,Carrie Alexander
574,Joshua Spears
575,Elizabeth Lambert
576,Eric Gray
577,Tiffany Grant
578,Nicole Roberts MD
579,Randy Smith
580,Michelle Rowe
581,Stephanie Ortega
582,Karen Gomez
583,Thomas Hawkins
584,Elijah Price
585,Maxwell Oneill
586,Michael Carlson
587,Anna Carter
588,Frederick Hardin
589,Jesse Mason
590,Austin Edwards
591,Jason Wall
592,Keith Sanchez
593,Lisa Perez
594,Angela Thompson
595,Michael King
596,Michael Gallagher
597,Gina Thompson
598,Jill Potter
599,Leroy Stout
600,Dwayne Drake
601,Christina Shaw
602,Amanda Berry
603,Julia Stevenson
604,Leslie Waller
605,Cesar Harris
606,Monica Clark
607,Jeff Medina
608,Ricky Evans
609,Gregory Wong
610,Vanessa Mora
611,Derek Ramos
612,Bobby Bennett
613,William Mitchell
614,James Huynh
615,Colleen Smith
616,Joel Gonzalez
617,Monica Smith
618,Cynthia Tucker MD
619,Crystal Floyd
620,Katherine Morrison
621,Michelle Mason
622,Andrea Bernard
623,Rebecca Sparks
624,Lisa Dunn
625,Mary Foster
626,Corey Jackson
627,Courtney Yates
628,Micheal Perkins
629,Kathleen Everett
630,Monica Benson
631,Andre Powell
632,Melissa Mccormick
633,Amber May
634,William Hall
635,Daniel Esparza
636,Stanley Peterson
637,Daniel Pittman
638,Carla Johnson
639,Jessica Hunter
640,Michelle Williams
641,Douglas Washington
642,Jody Mckee
643,Elizabeth Johnson
644,Jean Owens
645,Sandra Young
646,Samantha Gaines
647,Tanya Hahn
648,David Velasquez
649,Trevor Richardson DDS
650,Deborah Pierce
651,Brandon Avila
652,Carla Chaney
653,John Marshall
654,Brandon Leon
655,Kelsey Booker
656,Jenna Gonzalez
657,Amy Carroll
658,Daniel White
659,Larry Vaughn
660,Frank Jackson
661,Jenny Newman
662,Jacqueline Harris
663,Sean Martinez
664,Dale Luna
665,Jose Chambers
666,Vanessa Mueller
667,Wendy Rodriguez
668,Keith Grant
669,Katie Williams
670,Colleen Mullins
671,Shelley Woods
672,Duane Davis
673,Ronnie Garrett
674,Dr. Benjamin Murray
675,Nicole Guerrero
676,Darryl Good
677,Jessica Davis
678,Christopher Wallace
679,Laura Garcia
680,David Andrews
681,Jody Gonzalez
682,Stacey Miller
683,Robert Flores
684,Brianna Obrien
685,Robert Fowler
686,Jessica Marshall
687,Morgan Dickson
688,Dean Adams
689,Benjamin Sims
690,Jeremy Hull
691,Sean Allen
692,Jamie Ward
693,Johnny Morales
694,Jessica Harrison
695,Keith Nicholson
696,Kevin Mckenzie
697,Kenneth Mora
698,Jason Perez
699,Lauren Howell
700,Michael Strickland
701,Nathan Wilson
702,Sarah Escobar
703,Bonnie West
704,Kim Benton
705,Laura Bishop
706,Ashley Hodges
707,Jeff Vega
708,Anthony Mckinney
709,David Parrish
710,Jonathon Smith
711,Sierra Turner
712,Gregory Bates
713,Donna Lowe
714,Angie Miller
715,Amy Harmon
716,Mr. Mario Dawson
717,Susan Brown
718,Aaron Bradley
719,Douglas Mason
720,Brandon Navarro
721,Kirk Mullins
722,Shaun Evans
723,Leslie White
724,Christy Martinez
725,Colleen Jennings
726,Justin Jackson
727,Allison Cruz
728,Debra Thompson
729,Sharon Reed
730,Gabrielle Cox
731,Kimberly Edwards
732,Andrew Young
733,Molly James
734,Kristen James
735,Joshua White
736,Jason Nguyen
737,Brittany Barber
738,Terry Guzman
739,Shelby Johnson
740,Tami Vasquez
741,Travis Lozano
742,Stacey Farrell
743,Jonathan Blair
744,Jennifer Mathis MD
745,Carolyn Phillips
746,Angela Espinoza
747,Rachel Powell
748,Melinda Phillips
749,Keith Small
750,Stephanie Adams MD
751,David Arroyo
752,Katie Gilmore
753,Emily Fernandez
754,Amanda Woodward
755,Bryan Young
756,Raymond White
757,Mandy Henderson
758,Scott Young
759,Ryan Barr
760,Paula Schultz
761,Adam Banks
762,Lisa Nunez
763,Suzanne Gonzales
764,Andrew Lane
765,Austin Ellis
766,Jason Hammond
767,Alex Faulkner
768,Emily Valenzuela
769,Rebecca Galloway
770,Bradley Salazar
771,Ronald Torres
772,Jon Fields
773,David King
774,Kimberly Jordan
775,Brent Newman
776,Andrea Duffy
777,Christopher Lowe
778,Danielle Clarke
779,Randall Scott
780,Danielle Nixon
781,Norman Allen
782,William Michael
783,Gina Fisher
784,Brent Bailey
785,Robert Campbell
786,Jason Hansen
787,Robin Hill
788,Mary Joseph
789,Eric Kaufman
790,Christopher Walker IV
791,Kyle Green
792,Kayla Hunter
793,Gloria Martin
794,Roger Todd
795,Linda Ryan
796,Kelly Silva
797,Melissa Cohen
798,Christopher Ruiz
799,Kimberly Taylor
800,Nancy Moore
801,Robert Evans
802,Scott Rogers
803,Patrick Woods
804,Kristin Powers
805,Roger Terry
806,Laura Baker
807,Alexis Cox
808,Andrew Montes
809,Lawrence Roberson
810,Joshua Mills
811,Allen Lopez
812,Stacey Jones
813,Sara Haley
814,Michael Green
815,Alexander Mitchell
816,Rachel Lowe
817,Gregory Acevedo
818,Taylor Murray
819,Tina Lopez
820,Joseph Perez
821,Andrea Orr
822,James Reed
823,Adam Merritt
824,Wayne Simmons
825,Amanda Whitney
826,Cynthia Yates
827,Mr. Tom Fox
828,Deanna Faulkner
829,Sandra Peterson
830,Ashley Kennedy
831,Thomas Hayes
832,Richard Sutton
833,Steven Kane
834,Thomas Adkins
835,Lisa Mcneil
836,Martin Williams
837,Erica Johnson
838,Guy Wood
839,Ariana Vargas
840,George Esparza
841,Thomas Allen
842,Elizabeth Smith
843,Madeline Park
844,Betty Johnson
845,Sandy Robinson
846,Michelle Ryan
847,Joseph Adams
848,Collin Castillo
849,Kelly Berry
850,Frances Cabrera
851,Brandon Miller
852,Jessica Robinson
853,Jasmine Davis
854,Michael Nelson
855,Lori Wang
856,Dylan Blanchard
857,Jennifer Miller
858,Michelle Gibson
859,Caitlin Turner
860,Brett Dixon MD
861,Cameron Martinez
862,Kenneth Gordon
863,Meghan Williams
864,Nicole Carson
865,Alexandra Clark
866,Blake Weaver
867,Walter White
868,Tiffany Turner
869,Mr. Craig Espinoza II
870,John Watson
871,Colleen Burke
872,Penny Reed
873,Zachary Martin
874,Daniel Aguirre
875,Steven Tate
876,Roy Brown
877,Valerie Velasquez
878,Shirley Villarreal
879,Pamela Morgan
880,Frank Martinez
881,Megan Smith
882,Amy Herrera
883,Glenn Thomas
884,Philip Ball
885,Daniel Martin
886,Frank Terry
887,Michael Robertson
888,Stacy West
889,Jennifer Arnold
890,James Rios
891,Nicholas Snyder
892,Joshua Stewart
893,Andrew Boyle
894,Alexis Jackson
895,Vicki Parker
896,Allison Estrada
897,Jane Mills
898,Andrew Jimenez
899,Cody Morales
900,Judith Price
901,Dennis Smith
902,Tyler Perez
903,Robin Hernandez
904,Wesley Fernandez
905,Jonathon Carr
906,Christine Reynolds
907,Brian Figueroa
908,Lisa King
909,Zachary Farley
910,Gregory Williams
911,Gerald Butler
912,Dana Robinson
913,Sheila Daniel
914,Debra Davis
915,John Curtis
916,Eric Faulkner
917,Victoria Ramirez
918,Megan Weaver
919,Matthew Zuniga
920,Margaret Jackson
921,Jennifer Thomas
922,Penny Valdez
923,Thomas Knapp
924,Jessica Brooks
925,Christina Sandoval
926,Veronica Rodriguez
927,Brent White
928,Jose Shelton
929,Corey Moore
930,Gina Sandoval
931,Martin Steele
932,Cassandra King
933,Dustin Miller
934,Thomas Stephens
935,Jacqueline Wood
936,Howard Floyd
937,Kelly Smith
938,Carla Wells
939,Daniel Zuniga DDS
940,Sara Rogers
941,Brian Mendez
942,Amber Davis
943,Scott Thomas
944,Rebecca Craig
945,David Todd
946,Makayla Williams
947,Corey Reed
948,Elizabeth Barnett
949,Robert Gonzalez
950,Miguel Johnson
951,Danielle Williams
952,Keith Hernandez
953,Catherine Gray
954,Mrs. Brittney Wright
955,Kevin Chapman
956,Lisa Dominguez
957,Jodi Stephens
958,Angela Martinez
959,Jake Jones
960,Robert Richardson
961,Dylan Robinson
962,Emily French
963,Edward Carter
964,Robert Wilson
965,Shirley Hodge
966,William Hicks
967,David Hall
968,Shane Hernandez
969,Amanda Anderson
970,Maria Hunt
971,Jenna Ho
972,Jane Stewart
973,Virginia Aguilar
974,Brandon Wilson
975,Donna Larson
976,Russell Stewart
977,Russell Mendoza
978,Virginia Jefferson
979,Vincent Harris
980,Angela Bryant
981,Michael Curry
982,Tracy Jordan
983,Angela Harrison
984,Stephen Rocha
985,Kelly Escobar
986,Martin Duffy
987,Michelle Savage
988,Ryan Jones
989,Karen Martinez
990,Aaron Padilla
991,Shawn Butler
992,Omar Gentry
993,Shelby Robinson
994,Bethany Ramirez
995,David Patterson
996,Jenny Curtis
997,Jason Davis
998,Lisa Anderson
999,Mrs. Michele Hill MD
1000,Sophia Peck
