6,Industrial Hop
7,Indie Jazz
8,Electro Electronic
9,Minimal Noise Groove
10,House Wave
11,Neo Folk
12,Free Garage
13,Afro Folk
14,Metal Fusion
15,Ambient Phonk
16,Modern Dub Revival
17,Deep Stomp
18,Lo-Fi Disco
19,Modern Core
20,Progressive Fusion
21,Trance Gaze
22,Urban Pop Groove
23,Salsa Gaze
24,Acid Stomp
25,Celtic Break
26,Metal Revival
27,Alternative Bounce
28,Deep Salsa Drone
29,Latin Trap
30,Neo Trance Beat
31,Noise Wave
32,Celtic Folk
33,Celtic Classical Hop
34,Hard Step
35,Afro Funk Bop
36,Deep Hop
37,Hard Gaze
38,Experimental Garage Roots
39,Minimal Jazz
40,Acid Techno
41,Salsa Revival
42,House Stomp
43,Trance Phonk
44,Vapor Ska Core
45,Latin Noise
46,Post Trap
47,Rock Fusion
48,Hard Bossa Nova
49,Celtic Wave
50,Celtic Step
51,R&B Clash
52,Gothic Ambient
53,Dark Metal
54,Lo-Fi Clash
55,Glitch Disco Folk
56,Acid Metal Bop
57,Future Drone
58,Progressive Core
59,Future Pop
60,Folk Roots
61,Synth Blues Core
62,Neo Country Stomp
63,Progressive Blues Core
64,Industrial Drone
65,Alternative Blues
66,Lo-Fi Beat
67,Dark Garage Bounce
68,Aggro Clash
69,Future Techno
70,Reggae Trap
71,Modern Gaze
72,Alternative Rap
73,Jazz Clash
74,Punk Phonk
75,Gothic World Hop
76,Experimental Drone
77,Electronic Folk
78,Synth Ambient Core
79,Techno Step
80,Latin Hip-Hop Hop
81,Deep Classical
82,Ethno Groove
83,Grime Beat
84,Deep Drone
85,Gothic Roots
86,Aggro Trap
87,Ethno Drone
88,Deep Electronic
89,Gothic House
90,Ethno Folk Stomp
91,Electro Roots
92,Soul Revival
93,Garage Hop
94,Alternative Swing
95,Hard Beat
96,Ska Fusion
97,Classical Billy
98,Future Blues
99,Bossa Nova Wave
100,Pop Beat
101,Vapor Bossa Nova Core
102,Afro Country
103,Industrial Folk
104,Disco Gaze
105,Electro Core
106,Psychedelic Hip-Hop Bop
107,Experimental Soul
108,Blues Step
109,Vapor Step
110,Experimental Billy
111,Experimental Classical Groove
112,Free Trance
113,Techno Bounce
114,Indie Folk
115,Acid Reggae
116,Future Hip-Hop
117,Industrial Stomp
118,Lo-Fi Dub
119,Rock Bop
120,Acid Funk Gaze
121,Future Hop
122,Nu Country Billy
123,Jazz Wave
124,Dark Rock Billy
125,Neo Techno Swing
126,Synth Metal
127,Industrial Roots
128,Aggro Soul
129,Progressive Clash
130,Urban Fusion
131,Chill Billy
132,Acid Grime
133,Indie Industrial
134,Chill Groove
135,Industrial Punk Rap
136,Chill Rap
137,Alternative Electronic
138,Glitch Electronic
139,Alternative Funk Swing
140,Alternative R&B Phonk
141,Progressive Bounce
142,Lo-Fi Revival
143,Chill Wave
144,Dark Salsa Gaze
145,Aggro Trance Drone
146,Alternative Salsa
147,Ethno R&B
148,Chill Noise
149,Chill Folk Groove
150,House Fusion
151,Jazz Revival
152,Experimental Bossa Nova
153,Deep Trap
154,Future Metal Phonk
155,Electro Break
156,Lo-Fi Ambient
157,Modern Gospel Gaze
158,Hip-Hop Break
159,Industrial Jazz Gaze
160,Disco Rap
161,Vapor Trap
162,Glitch Fusion
163,Jazz Beat
164,Acid Ambient
165,Minimal Ambient Roots
166,Electro World
167,Free Rock
168,Chill R&B Billy
169,Indie Salsa
170,Modern Grime
171,Celtic Soul
172,Soul Wave
173,Indie Dub
174,Acid Grime Bounce
175,Aggro Blues Billy
176,Hard Garage Beat
177,Neo Bop
178,Metal Groove
179,Gothic Punk Trap
180,Modern Groove
181,Electronic Stomp
182,Celtic R&B
183,House Folk
184,Minimal Hip-Hop Bounce
185,Psychedelic Pop
186,Alternative Noise Billy
187,Rock Wave
188,Dark Disco
189,Glitch Bossa Nova
190,Psychedelic Ska
191,Free Noise Drone
192,Neo Blues Billy
193,Free Swing
194,Hard Pop
195,Ethno R&B Swing
196,Salsa Bounce
197,Glitch Core
198,Alternative Industrial Wave
199,Chill Industrial
200,Post Hip-Hop
201,Gothic Noise
202,Ethno Grime
203,Aggro Ambient
204,Techno Swing
205,Metal Folk
206,Experimental Metal
207,Folk Core
208,Chill World
209,Alternative Country Drone
210,Minimal Billy
211,Ska Groove
212,Nu Hip-Hop
213,Neo Noise Clash
214,Ethno Salsa Groove
215,Synth Ska
216,Urban Punk
217,Deep Industrial Trap
218,Modern Country Clash
219,Urban Pop Step
220,Electro Hip-Hop Bop
221,Synth Jazz
222,Nu Bop
223,Grime Core
224,House Bounce
225,Modern Electronic Gaze
226,Ethno Stomp
227,Modern Pop
228,Afro Gospel Trap
229,Country Break
230,Electro Stomp
231,Minimal Techno Phonk
232,Celtic Fusion
233,Salsa Fusion
234,Hard Garage
235,Vapor Swing
236,Modern Fusion
237,Glitch Grime
238,Gothic Ska Hop
239,Psychedelic Electronic Core
240,Industrial Hip-Hop Gaze
241,Psychedelic Metal
242,Synth Core
243,Glitch House
244,Latin Gaze
245,Free Blues
246,Urban Core
247,Indie Rock Gaze
248,Dark Jazz
249,Future Metal Break
250,Psychedelic Bounce
251,Glitch Hop
252,Salsa Stomp
253,Deep Noise
254,Modern Trance Drone
255,Alternative Step
256,Neo Dub
257,Bossa Nova Swing
258,Classical Rap
259,Hard Ska
260,Dark Noise
261,Ska Step
262,Dark Bounce
263,Nu R&B
264,Soul Step
265,Trance Hop
266,Acid Trap
267,Post Reggae Fusion
268,Electronic Billy
269,Minimal Metal Core
270,Glitch Step
271,Urban Funk Core
272,Progressive Gospel Clash
273,Acid Wave
274,Synth Folk
275,Latin Metal Gaze
276,Post Swing
277,Latin Folk
278,Techno Bop
279,Minimal Electronic Groove
280,Reggae Gaze
281,Electro Pop Clash
282,Minimal Techno Hop
283,Psychedelic Fusion
284,Bossa Nova Core
285,Dark Ambient
286,Gothic Jazz
287,Electronic Clash
288,Vapor Dub Revival
289,Soul Hop
290,Progressive Dub
291,Industrial Rock Phonk
292,Urban Reggae Fusion
293,Funk Core
294,Alternative Gaze
295,Latin Hop
296,World Wave
297,Modern Industrial Beat
298,Dark Punk
299,Grime Roots
300,Gospel Bop
301,Vapor Techno Core
302,Free Metal Step
303,Country Gaze
304,Chill Phonk
305,Dark Metal Roots
306,Afro Dub Core
307,Dark Step
308,Funk Stomp
309,Hip-Hop Fusion
310,Ethno Gospel Core
311,Garage Beat
312,Vapor Stomp
313,Experimental Electronic Bop
314,Funk Bounce
315,Synth Salsa Fusion
316,Experimental Gaze
317,Lo-Fi R&B Bounce
318,Modern Grime Core
319,Metal Bounce
320,Modern Jazz Bounce
321,Industrial Techno
322,Alternative Noise
323,Aggro House
324,World Gaze
325,Soul Trap
326,Latin Jazz Rap
327,Afro Bop
328,Celtic Trance
329,Post Techno
330,Gothic Bounce
331,Classical Trap
332,Post Fusion
333,Synth House
334,Latin Rap
335,Vapor Folk Stomp
336,Future Industrial Folk
337,Folk Stomp
338,Metal Beat
339,Country Revival
340,Garage Bop
341,Electro Bounce
342,Neo Groove
343,Deep Folk
344,Ethno Gaze
345,Synth Garage Roots
346,Pop Folk
347,Pop Wave
348,Disco Bop
349,Industrial Beat
350,Afro Electronic
351,Electronic Beat
352,Afro Roots
353,Free Techno
354,Techno Gaze
355,Modern World
356,Synth Trance
357,Progressive R&B
358,Deep Bossa Nova Drone
359,Alternative Break
360,Post Garage
361,Free Ska Beat
362,Neo Dub Billy
363,Vapor Rock Bounce
364,Hard Groove
365,Indie Phonk
366,Chill Core
367,Nu Roots
368,Vapor Ska Gaze
369,Pop Break
370,Free Punk
371,Urban Jazz
372,Nu Industrial
373,Nu Industrial Roots
374,Modern Classical Billy
375,Neo Classical Bounce
376,Nu Ambient Core
377,Gothic Industrial
378,Vapor Garage Swing
379,Minimal Break
380,Celtic Industrial
381,Lo-Fi Phonk
382,Chill Classical Gaze
383,Synth Ambient
384,Post Ambient Step
385,Minimal Trap
386,Soul Break
387,Afro Reggae
388,Folk Drone
389,Aggro Rock Groove
390,Nu Reggae Roots
391,Deep Gaze
392,Afro Folk Billy
393,Salsa Drone
394,Alternative Rock
395,Folk Step
396,Psychedelic Noise
397,Experimental Stomp
398,Classical Stomp
399,Funk Step
400,Industrial Core
401,Nu Break
402,Dark Salsa Core
403,Ambient Fusion
404,Vapor Pop
405,Progressive Electronic
406,Future Bounce
407,Celtic Pop
408,Progressive Techno
409,Afro House Wave
410,Funk Break
411,Celtic Beat
412,Free Techno Roots
413,Glitch Hip-Hop Hop
414,Post Rock Bop
415,Modern Folk
416,Aggro Grime Break
417,Electro Salsa
418,Modern Pop Bounce
419,Experimental Industrial
420,Ethno Folk Gaze
421,Post Salsa Rap
422,Free World Bop
423,Experimental Gospel Break
424,Dark Core
425,Electro Gaze
426,Folk Swing
427,Afro Grime Bop
428,Acid Funk Bop
429,Dub Revival
430,Urban World
431,Free Gospel
432,Dub Beat
433,Vapor Bounce
434,Ambient Trap
435,Glitch Rock Revival
436,Dark House Clash
437,Electro Gospel
438,Synth Bop
439,Soul Billy
440,Funk Revival
441,Celtic Funk
442,Gothic Soul
443,Vapor Techno
444,Gothic Jazz Swing
445,Hard Funk
446,Celtic Grime
447,Afro Trap
448,Celtic Gospel
449,Gospel Swing
450,Ethno Gospel Break
451,Industrial Bounce
452,Nu Soul Fusion
453,Punk Core
454,Blues Drone
455,Punk Rap
456,Synth Grime Core
457,Nu Groove
458,Experimental Jazz
459,Aggro Hip-Hop Bounce
460,Bossa Nova Roots
461,Reggae Core
462,Gospel Revival
463,Ethno Rap
464,Deep Industrial Phonk
465,Rock Groove
466,Neo Country Phonk
467,Synth Hop
468,Techno Core
469,Urban Folk Trap
470,Urban Jazz Phonk
471,Electronic Drone
472,Pop Hop
473,Folk Wave
474,Electro Disco Wave
475,Electro Noise Clash
476,Urban R&B Bounce
477,Gospel Groove
478,Post Noise Stomp
479,Vapor Bossa Nova
480,Jazz Core
481,Aggro Folk Trap
482,Chill Techno
483,Progressive Hip-Hop Break
484,Acid Folk
485,House Step
486,Noise Bounce
487,Dark Techno Rap
488,Celtic Stomp
489,Psychedelic House Break
490,Acid Rock Core
491,Urban Folk Drone
492,Ethno Punk
493,Metal Trap
494,Urban House
495,Dark Reggae Core
496,Blues Break
497,Minimal Bounce
498,Techno Rap
499,Post R&B Break
500,Chill Pop
501,Hip-Hop Clash
502,Psychedelic Industrial Drone
503,Post Phonk
504,Post Folk
505,Gothic Gospel Swing
506,Post Garage Bounce
507,Metal Billy
508,Synth Soul Clash
509,Vapor Punk Revival
510,Indie Soul Beat
511,Acid Country Trap
512,Electronic Break
513,Aggro Funk
514,Glitch Dub
515,Latin Blues Step
516,Future Country
517,World Bounce
518,Experimental Rock Revival
519,Acid Break
520,Pop Stomp
521,Industrial Groove
522,Hard Bop
523,Gothic Garage
524,Gothic Soul Stomp
525,Gospel Fusion
526,Aggro Core
527,Aggro Noise Revival
528,Free Billy
529,Ethno Soul
530,Neo Ambient
531,Minimal Wave
532,Acid Funk
533,Gothic Hop
534,Gothic Step
535,Alternative Punk Break
536,Aggro Bossa Nova Trap
537,Psychedelic Trap
538,Glitch Country
539,Electro Techno Core
540,Vapor Grime Core
541,Glitch Wave
542,Nu R&B Step
543,Afro Rock
544,Dark Classical
545,Nu Drone
546,Electronic Phonk
547,Minimal Industrial
548,Nu Country Bop
549,Electronic Hop
550,Industrial Swing
551,Grime Wave
552,Celtic Salsa
553,Trance Wave
554,Dark Soul Phonk
555,Progressive Folk
556,Neo Core
557,Glitch Stomp
558,Gothic Classical
559,Lo-Fi Break
560,Future Phonk
561,Dark Billy
562,Afro Reggae Folk
563,Aggro Rap
564,Ethno Wave
565,Dark Garage
566,Nu Rock
567,Indie Revival
568,Lo-Fi Punk
569,Acid Industrial
570,Acid Fusion
571,Trance Fusion
572,House Drone
573,Industrial Grime Bop
574,Experimental Hip-Hop Swing
575,Deep Industrial
576,Funk Folk
577,Punk Billy
578,Aggro Disco Wave
579,Indie Funk Clash
580,Industrial Punk
581,Dark Fusion
582,Bossa Nova Step
583,Future Punk
584,Minimal Phonk
585,Celtic Blues Revival
586,Acid Soul Gaze
587,Modern Electronic Step
588,Lo-Fi Noise
589,Psychedelic Hop
590,Vapor Bop
591,Ska Wave
592,Hard World
593,Vapor Funk
594,Lo-Fi Techno
595,Electro Grime
596,Rock Drone
597,Noise Hop
598,Progressive Rock
599,Glitch Swing
600,Minimal Beat
601,Lo-Fi Hip-Hop Core
602,Nu Hip-Hop Phonk
603,Country Drone
604,Nu Wave
605,Nu Gospel
606,Soul Fusion
607,Alternative Country Groove
608,World Groove
609,Lo-Fi Hop
610,Electro Ska Bop
611,Glitch Funk Bounce
612,Lo-Fi Industrial
613,Urban Pop
614,Gothic Electronic
615,Industrial Punk Step
616,Trance Roots
617,Indie Ambient Phonk
618,Post Rock Clash
619,Alternative Grime Drone
620,Post Bounce
621,Salsa Trap
622,R&B Wave
623,Psychedelic Gaze
624,Deep Ska Bop
625,Neo Blues
626,Aggro Ska
627,Neo Beat
628,Neo Soul Phonk
629,Hip-Hop Drone
630,World Beat
631,Garage Groove
632,Trance Swing
633,Latin Salsa
634,Industrial Industrial
635,Reggae Stomp
636,Urban Ska
637,Electro Hop
638,Trance Step
639,Latin Classical Drone
640,Alternative Grime Stomp
641,Funk Trap
642,Gospel Stomp
643,Free Bossa Nova Roots
644,Post Trance
645,Vapor Hip-Hop Beat
646,Synth World Core
647,Salsa Swing
648,Glitch Trap
649,Afro Noise
650,Chill Bossa Nova Phonk
651,Industrial Funk
652,Glitch Salsa Beat
653,Experimental Bounce
654,World Revival
655,Latin Bop
656,Modern Gospel Billy
657,Nu Bossa Nova
658,Lo-Fi Bossa Nova
659,Industrial Trap
660,Gothic Classical Revival
661,Alternative Bop
662,Chill Hip-Hop Trap
663,Chill Gaze
664,Dub Groove
665,Urban R&B
666,Minimal Ambient Bounce
667,Noise Rap
668,Progressive Drone
669,Experimental Salsa Billy
670,Industrial Ska Roots
671,Indie Garage Phonk
672,Afro Punk Wave
673,Celtic Gospel Bounce
674,Free Rock Swing
675,Bossa Nova Break
676,Lo-Fi Metal
677,Latin Folk Bounce
678,Afro Clash
679,Dark Wave
680,Gothic Blues
681,Hip-Hop Rap
682,Soul Core
683,Gothic Folk
684,Psychedelic Groove
685,Ethno Bounce
686,Electro Disco Break
687,Disco Trap
688,Indie Grime
689,Alternative Hip-Hop
690,Electro Classical Bounce
691,World Clash
692,Gothic Ska Folk
693,World Swing
694,Minimal House
695,Psychedelic Drone
696,Funk Fusion
697,Psychedelic Bossa Nova Billy
698,Post Salsa
699,Experimental Industrial Clash
700,Salsa Clash
701,House Bop
702,Disco Groove
703,Dark Pop Rap
704,Nu Rock Billy
705,Ethno Revival
706,Celtic Soul Folk
707,Alternative Blues Groove
708,Deep Ska
709,Industrial Bop
710,Electronic Gaze
711,Afro Step
712,Future Gospel Beat
713,Deep Country Roots
714,Folk Fusion
715,Ethno Ska Step
716,Latin Step
717,Free Techno Gaze
718,Progressive Salsa
719,Minimal Jazz Core
720,Indie Gaze
721,Bossa Nova Trap
722,Punk Bounce
723,Minimal Core
724,Acid Ambient Beat
725,Dub Step
726,Modern Beat
727,Experimental Classical
728,Aggro Dub
729,Electro Soul
730,Lo-Fi World Rap
731,Gothic Stomp
732,Salsa Billy
733,Lo-Fi Rock Groove
734,Ska Revival
735,Alternative Revival
736,Gothic Clash
737,Free Soul Swing
738,Latin Reggae
739,Bossa Nova Drone
740,Hip-Hop Stomp
741,Free Break
742,Acid Bounce
743,Post World
744,Experimental Reggae Billy
745,Psychedelic Clash
746,Gothic Swing
747,Dub Trap
748,Future Beat
749,Disco Bounce
750,Celtic Rock Wave
751,Chill R&B Groove
752,Experimental Industrial Bop
753,Dark Folk Fusion
754,Synth Gospel Break
755,Acid Billy
756,Dark Folk
757,Glitch Folk
758,Punk Clash
759,Nu Electronic Gaze
760,Alternative Billy
761,Glitch Roots
762,Electro Phonk
763,Deep Bop
764,Rock Gaze
765,Ethno Dub
766,Grime Gaze
767,Reggae Roots
768,Psychedelic Soul
769,Glitch Funk Beat
770,Psychedelic Swing
771,Latin Blues
772,Synth Stomp
773,Vapor Grime Bop
774,Urban Step
775,Modern Ambient Swing
776,Latin Trance
777,Chill Bossa Nova
778,Metal Hop
779,Garage Drone
780,Funk Beat
781,Indie Classical
782,Afro Gaze
783,Free Noise Phonk
784,Ethno Industrial Folk
785,Electro Country
786,Techno Wave
787,Bossa Nova Fusion
788,Psychedelic Classical
789,Blues Wave
790,Progressive Ambient Step
791,Nu Jazz Bop
792,Vapor Garage Gaze
793,Afro Ambient
794,Celtic Techno Stomp
795,Vapor Jazz Swing
796,Pop Rap
797,Afro Metal Groove
798,Industrial Gospel
799,Psychedelic Step
800,Lo-Fi Core
801,Synth Billy
802,Hard Trance Gaze
803,Experimental Beat
804,House Rap
805,Deep World
806,Minimal Industrial Fusion
807,Gothic Techno
808,Ethno Break
809,Vapor Phonk
810,Celtic Bossa Nova Bop
811,Post Electronic
812,Urban Folk
813,Gothic Punk Step
814,Acid Core
815,Garage Roots
816,Neo Soul Clash
817,Lo-Fi Grime Stomp
818,Urban Garage Billy
819,Punk Groove
820,Vapor Reggae Bounce
821,Lo-Fi Funk
822,Neo Salsa
823,Glitch Industrial
824,Lo-Fi Reggae Break
825,Ethno Trap
826,Nu Classical
827,Gothic Ska Revival
828,Synth Clash
829,Synth Garage
830,Nu Trance
831,Future Techno Folk
832,Hip-Hop Core
833,Progressive Funk Break
834,Experimental Salsa
835,Progressive Techno Beat
836,Industrial Gaze
837,Future Gaze
838,Celtic Blues Break
839,Soul Swing
840,Post Blues
841,Psychedelic Beat
842,Aggro Drone
843,Deep Rock Clash
844,Neo Gospel
845,Celtic Punk Trap
846,Modern Metal
847,Aggro Bossa Nova Swing
848,Soul Stomp
849,Progressive Bossa Nova Stomp
850,Electro Garage
851,Electro Trance Gaze
852,Hard Break
853,Dark Noise Bounce
854,Pop Core
855,Glitch Hip-Hop
856,Chill Drone
857,Electro Folk
858,Ethno Hip-Hop
859,Disco Beat
860,Future Revival
861,Deep Trance Trap
862,R&B Step
863,Experimental Dub
864,Ethno Ska
865,Nu Electronic Break
866,Grime Phonk
867,Deep Bossa Nova
868,Trance Beat
869,Dub Stomp
870,Ethno Country Swing
871,Gothic Phonk
872,Modern R&B Drone
873,Celtic Techno Fusion
874,Acid Punk
875,Celtic Core
876,Folk Gaze
877,Deep Ambient Core
878,Acid World Wave
879,Indie Noise
880,Alternative Grime Swing
881,Rock Revival
882,Future Billy
883,Experimental World Clash
884,Afro Swing
885,Aggro Stomp
886,Disco Roots
887,Urban Blues Swing
888,Techno Drone
889,Modern Billy
890,Free Fusion
891,Dark Gaze
892,Deep Hip-Hop
893,Free Bossa Nova Step
894,Post R&B Rap
895,Future Industrial Trap
896,Electro Wave
897,Modern Techno
898,Noise Trap
899,Experimental Folk Phonk
900,Celtic Funk Hop
901,Psychedelic Grime Groove
902,Experimental Reggae
903,Salsa Folk
904,Electro Groove
905,Alternative Folk
906,Free Clash
907,Psychedelic Ambient Bop
908,Celtic Bop
909,Industrial Electronic Bounce
910,Urban Gaze
911,Gothic Jazz Rap
912,Lo-Fi Rock Swing
913,Afro Trance Trap
914,Garage Fusion
915,Synth Groove
916,Electro Hip-Hop
917,Post Jazz
918,Latin Core
919,Urban Gospel Break
920,Electro Trance
921,Modern Reggae Stomp
922,Celtic Pop Core
923,Psychedelic Bossa Nova Break
924,Garage Folk
925,Dark Pop Beat
926,Celtic World Bounce
927,Lo-Fi Garage Clash
928,Free Bounce
929,Blues Phonk
930,Post Classical
931,Country Fusion
932,Electronic Bounce
933,Gothic Drone
934,Salsa Core
935,Celtic Blues
936,Gothic Blues Hop
937,Industrial Country Bop
938,Vapor R&B Wave
939,Minimal Noise Bop
940,Indie Bounce
941,Industrial Rap
942,Free Pop
943,Acid Jazz Core
944,Indie Grime Fusion
945,Hard Reggae Break
946,Garage Core
947,Synth Country Groove
948,Electro Reggae
949,Modern Bounce
950,Hard Dub
951,Industrial Reggae
952,Post R&B
953,Dark Drone
954,Indie Metal Beat
955,Noise Core
956,Nu Gaze
957,Noise Fusion
958,Rock Rap
959,Garage Revival
960,Experimental Electronic
961,Dark Ambient Core
962,Ska Billy
963,Latin Soul Gaze
964,Latin Dub Bounce
965,Bossa Nova Gaze
966,Industrial Ska Folk
967,Modern Trance
968,Aggro Metal Gaze
969,Classical Hop
970,Urban Soul
971,Vapor Punk Step
972,Vapor Wave
973,Latin Ska
974,Metal Bop
975,Electronic Trap
976,Deep House
977,Hard Grime Break
978,Hard Soul
979,Urban Soul Folk
980,Post Billy
981,Post Pop Stomp
982,World Folk
983,Electro Disco
984,Celtic Phonk
985,Indie Core
986,Urban World Trap
987,Chill Reggae Drone
988,Aggro Salsa Groove
989,Modern Phonk
990,Indie Techno
991,Techno Fusion
992,Minimal Gaze
993,Dark Hip-Hop
994,Minimal Electronic
995,Dark R&B
996,Funk Drone
997,Deep Ambient Gaze
998,Free Rap
999,Indie Salsa Folk
1000,Indie Noise Gaze
